Mouse ID,Drug Regimen,Sex,Age_months,Weight (g)
a203,Infubinol,Female,20,23
a251,Infubinol,Female,21,25
a262,Placebo,Female,17,29
a275,Ceftamin,Female,20,28
a366,Stelasyn,Female,16,29
a401,Zoniferol,Female,8,25
a411,Ramicane,Male,3,22
a444,Ramicane,Female,10,25
a457,Ketapril,Female,11,30
a492,Stelasyn,Male,20,25
a520,Ramicane,Male,13,21
a577,Infubinol,Female,6,25
a644,Ramicane,Female,7,17
a685,Infubinol,Male,8,30
a699,Propriva,Female,5,28
a788,Zoniferol,Male,5,30
a818,Naftisol,Female,12,28
a897,Placebo,Male,7,28
a963,Stelasyn,Female,23,27
b128,Capomulin,Female,9,22
b313,Zoniferol,Male,12,27
b447,Ceftamin,Male,2,30
b487,Ceftamin,Female,6,28
b559,Naftisol,Male,20,26
b742,Capomulin,Male,7,21
b759,Ceftamin,Female,12,25
b879,Stelasyn,Female,4,26
c139,Infubinol,Male,11,28
c264,Zoniferol,Female,11,27
c282,Placebo,Male,12,27
c302,Zoniferol,Female,10,29
c326,Infubinol,Female,18,25
c402,Stelasyn,Female,1,27
c458,Ramicane,Female,23,20
c559,Zoniferol,Female,19,28
c580,Ketapril,Male,22,25
c757,Placebo,Male,9,27
c758,Ramicane,Male,9,17
c766,Placebo,Female,13,26
c819,Ketapril,Male,21,25
c832,Ketapril,Male,18,29
c895,Infubinol,Female,7,29
c927,Propriva,Female,4,26
d133,Zoniferol,Male,5,30
d164,Zoniferol,Male,21,28
d251,Ramicane,Female,8,19
d474,Ketapril,Male,18,27
e213,Naftisol,Male,8,27
e227,Placebo,Male,1,30
e291,Naftisol,Female,14,29
e476,Infubinol,Male,23,26
e584,Naftisol,Male,9,27
e662,Ramicane,Male,8,24
f129,Zoniferol,Female,11,29
f234,Stelasyn,Male,14,28
f278,Ketapril,Male,12,30
f345,Infubinol,Male,23,26
f394,Zoniferol,Male,19,30
f436,Ceftamin,Female,3,25
f545,Zoniferol,Female,20,26
f932,Ketapril,Male,15,29
f966,Capomulin,Male,16,17
f993,Naftisol,Male,21,28
g107,Ketapril,Female,2,29
g288,Capomulin,Male,3,19
g296,Zoniferol,Female,14,29
g316,Capomulin,Female,22,22
g497,Ketapril,Male,19,28
g558,Propriva,Male,8,29
g570,Propriva,Male,16,29
g791,Ramicane,Male,11,16
g867,Stelasyn,Female,9,25
h246,Ketapril,Male,13,30
h333,Stelasyn,Male,21,27
h428,Ketapril,Female,1,27
h531,Ceftamin,Male,5,27
i177,Ramicane,Male,10,18
i334,Ramicane,Female,8,20
i386,Infubinol,Female,23,29
i477,Placebo,Female,3,30
i557,Capomulin,Female,1,24
i635,Propriva,Male,21,26
i669,Placebo,Female,18,27
i738,Capomulin,Female,23,20
i901,Stelasyn,Male,23,29
j119,Capomulin,Female,7,23
j235,Placebo,Male,6,30
j246,Capomulin,Female,21,21
j296,Ceftamin,Female,24,30
j365,Zoniferol,Male,24,28
j755,Naftisol,Male,23,27
j913,Ramicane,Female,4,17
j984,Stelasyn,Female,2,30
j989,Ramicane,Male,8,19
k210,Ceftamin,Male,15,28
k382,Ketapril,Male,22,29
k403,Ramicane,Male,21,16
k483,Infubinol,Female,20,30
k510,Stelasyn,Female,8,27
k603,Propriva,Male,2,27
k754,Zoniferol,Female,8,26
k804,Infubinol,Female,23,29
k862,Stelasyn,Female,13,25
k894,Zoniferol,Female,13,29
l215,Propriva,Male,10,29
l264,Ketapril,Female,15,30
l471,Ceftamin,Female,7,28
l490,Ceftamin,Male,24,26
l509,Capomulin,Male,17,21
l558,Ceftamin,Female,13,30
l661,Ceftamin,Male,18,26
l700,Naftisol,Female,18,27
l725,Naftisol,Female,8,26
l733,Ceftamin,Female,4,30
l872,Placebo,Male,19,30
l897,Capomulin,Male,17,19
m133,Naftisol,Female,2,26
m269,Stelasyn,Female,22,28
m331,Zoniferol,Female,19,26
m546,Ramicane,Male,18,16
m550,Ketapril,Male,18,28
m601,Capomulin,Male,22,17
m650,Ketapril,Male,15,27
m756,Infubinol,Male,19,30
m957,Capomulin,Female,3,19
n304,Naftisol,Male,9,26
n364,Ramicane,Male,4,17
n482,Propriva,Female,4,29
n630,Propriva,Female,15,29
n671,Infubinol,Male,18,25
n678,Propriva,Male,5,29
n763,Placebo,Female,16,25
n923,Ketapril,Male,19,30
n967,Zoniferol,Male,11,27
o287,Ceftamin,Male,2,28
o302,Placebo,Female,2,29
o331,Ketapril,Male,24,30
o523,Propriva,Female,6,25
o562,Propriva,Female,4,25
o725,Naftisol,Male,4,26
o795,Placebo,Female,20,26
o809,Infubinol,Male,3,25
o813,Infubinol,Male,24,28
o848,Stelasyn,Female,14,27
o926,Zoniferol,Male,15,29
o973,Ketapril,Female,11,29
p136,Zoniferol,Female,5,28
p189,Ketapril,Male,8,28
p310,Propriva,Male,6,26
p387,Stelasyn,Male,3,30
p438,Ceftamin,Female,11,26
p981,Stelasyn,Male,20,29
q119,Ketapril,Male,17,30
q132,Infubinol,Female,1,30
q483,Ceftamin,Male,6,26
q511,Zoniferol,Female,2,28
q582,Placebo,Male,5,30
q597,Ramicane,Male,20,25
q610,Ramicane,Female,18,21
q633,Zoniferol,Male,12,25
q787,Placebo,Male,17,27
r107,Propriva,Female,2,28
r157,Capomulin,Male,22,25
r554,Capomulin,Female,8,17
r604,Naftisol,Male,7,30
r701,Naftisol,Male,21,25
r811,Ramicane,Male,9,19
r850,Placebo,Male,5,30
r921,Ramicane,Female,5,25
r944,Capomulin,Male,12,25
s121,Infubinol,Male,23,26
s141,Propriva,Male,8,25
s152,Placebo,Female,4,30
s166,Placebo,Male,19,27
s185,Capomulin,Female,3,17
s187,Propriva,Male,22,25
s337,Zoniferol,Male,14,27
s508,Ramicane,Male,1,17
s565,Stelasyn,Female,3,29
s619,Stelasyn,Male,22,30
s710,Capomulin,Female,1,23
t198,Propriva,Male,22,26
t451,Stelasyn,Male,8,29
t565,Capomulin,Female,20,17
t573,Ceftamin,Female,15,27
t718,Placebo,Female,10,30
t724,Naftisol,Female,2,25
t994,Placebo,Male,14,30
u149,Ceftamin,Male,24,29
u153,Ceftamin,Female,11,25
u196,Ramicane,Male,18,25
u327,Ketapril,Male,17,25
u364,Capomulin,Male,18,17
u946,Propriva,Male,5,30
v199,Naftisol,Female,17,29
v289,Ketapril,Female,3,26
v295,Naftisol,Female,2,27
v339,Infubinol,Male,20,26
v409,Placebo,Female,16,25
v603,Ketapril,Female,22,30
v719,Infubinol,Female,17,30
v764,Stelasyn,Female,5,30
v766,Infubinol,Male,16,27
v835,Naftisol,Male,7,29
v923,Capomulin,Female,19,21
v989,Placebo,Male,4,25
v991,Propriva,Female,10,30
w140,Zoniferol,Female,19,30
w150,Capomulin,Male,23,23
w151,Ceftamin,Male,24,25
w167,Placebo,Female,6,28
w193,Infubinol,Male,22,30
w350,Propriva,Male,7,26
w422,Ketapril,Female,18,26
w540,Stelasyn,Female,8,26
w575,Zoniferol,Female,16,28
w584,Infubinol,Male,3,29
w678,Ramicane,Female,5,24
w697,Stelasyn,Female,14,30
w746,Propriva,Male,1,26
w914,Capomulin,Male,24,21
x111,Propriva,Female,24,27
x209,Propriva,Female,7,29
x226,Ceftamin,Male,23,28
x264,Naftisol,Female,21,27
x336,Naftisol,Female,4,29
x401,Capomulin,Female,16,15
x402,Stelasyn,Male,21,28
x581,Ceftamin,Female,19,28
x613,Zoniferol,Female,2,29
x773,Placebo,Female,21,30
x822,Ceftamin,Male,3,29
x930,Naftisol,Male,13,26
y163,Infubinol,Female,17,27
y260,Ketapril,Female,7,25
y449,Ramicane,Male,19,24
y478,Placebo,Female,3,25
y601,Naftisol,Female,23,25
y769,Ceftamin,Female,6,27
y793,Capomulin,Male,17,17
y865,Ceftamin,Male,23,26
z234,Naftisol,Female,19,27
z314,Stelasyn,Female,21,28
z435,Propriva,Female,12,26
z578,Ramicane,Male,11,16
z581,Infubinol,Female,24,25
z795,Naftisol,Female,13,29
z969,Naftisol,Male,9,30
